﻿<?xml version="1.0" encoding="utf-8" standalone="yes"?>
<CGProfiles>
  <StartupProfile />
  <Profiles>
    <Profile>
      <Name>Simple</Name>
      <Frozen>false</Frozen>
      <WaveOutDeviceSource>Oculus</WaveOutDeviceSource>
      <WaveOutDeviceName />
      <Actions>
        <TriggeredAction>
          <Trigger>
            <TriggeringEvent>ResetPosition</TriggeringEvent>
            <FireLimitPerZero>0</FireLimitPerZero>
            <RotationCondition>
              <TargetRotationSide>Either</TargetRotationSide>
              <CompOperator>EqualOrGreaterThan</CompOperator>
              <TargetFullRotations>0</TargetFullRotations>
              <TargetFullRotationsMax>99</TargetFullRotationsMax>
              <TargetAccumulation>Either</TargetAccumulation>
              <TargetPeakFullRotations>2</TargetPeakFullRotations>
            </RotationCondition>
          </Trigger>
          <CGActionWaveFile>
            <Wave>Bilibom</Wave>
            <Pan>0</Pan>
            <Volume>16</Volume>
          </CGActionWaveFile>
        </TriggeredAction>
        <TriggeredAction>
          <Trigger>
            <TriggeringEvent>Yaw0</TriggeringEvent>
            <FireLimitPerZero>0</FireLimitPerZero>
            <RotationCondition>
              <TargetRotationSide>Left</TargetRotationSide>
              <CompOperator>EqualOrGreaterThan</CompOperator>
              <TargetFullRotations>2</TargetFullRotations>
              <TargetFullRotationsMax>99</TargetFullRotationsMax>
              <TargetAccumulation>Increasing</TargetAccumulation>
              <TargetPeakFullRotations>0</TargetPeakFullRotations>
            </RotationCondition>
          </Trigger>
          <CGActionWaveFile>
            <Wave>Beep_classic</Wave>
            <Pan>-100</Pan>
            <Volume>100</Volume>
          </CGActionWaveFile>
        </TriggeredAction>
        <TriggeredAction>
          <Trigger>
            <TriggeringEvent>Yaw0</TriggeringEvent>
            <FireLimitPerZero>0</FireLimitPerZero>
            <RotationCondition>
              <TargetRotationSide>Right</TargetRotationSide>
              <CompOperator>EqualOrGreaterThan</CompOperator>
              <TargetFullRotations>2</TargetFullRotations>
              <TargetFullRotationsMax>99</TargetFullRotationsMax>
              <TargetAccumulation>Increasing</TargetAccumulation>
              <TargetPeakFullRotations>0</TargetPeakFullRotations>
            </RotationCondition>
          </Trigger>
          <CGActionWaveFile>
            <Wave>Beep_classic</Wave>
            <Pan>100</Pan>
            <Volume>100</Volume>
          </CGActionWaveFile>
        </TriggeredAction>
      </Actions>
    </Profile>
  </Profiles>
</CGProfiles>